Workbook
Name ar: #REF!
Name cl: #REF!
Name comp: #REF!
Name compagnies_retenues: #REF!
Name comparison: #REF!
Name countries: #REF!
Name COUNTRYLU: 'Country Code LU'!$A$1:$D$250
Name cov: #REF!
Name customers: #REF!
Name format: #REF!
Name labelling: #REF!
Name lpuk: #REF!
Name offerchosen: #REF!
Name option: #REF!
Name rmtariff: #REF!
Name ServiceLevel: [1]Data!$A$2:$A$3
Name type: #REF!
Name valid_from: #REF!
Name valid_from: #REF!
Name valid_from: #REF!
Name valid_from: #REF!
Name valid_from: #REF!
Name value: #REF!
Name vs: #REF!
Name weight: #REF!

Sheet Priority Manifest
B1: Priority
G2: Preparation Level (Please enter X) | K2: Franking Level (Please enter X)
B3: Asendia UK Business Mail | G3: Fully Prepared | H3: x | I3: Part Prepared | K3: Full PPI | L3: x | M3: Part PPI
B4: Valid from 1st January 2025 | G4: Note: Surcharges will apply for any Part Prepared/Part Franked volumes received
B6: Customer Name | D6: Citipost Ltd | G6: Customer Ref | L6: Shipment Date
B7: Authorisation # | G7: Quotation # | L7: Number of bags | N7: 1
D9: Letters | G9: Letters | I9: Flats | L9: Flats | N9: Packets | Q9: Packets
C10: PRIORITY | H10: PRIORITY | M10: PRIORITY
C11: LETTERS | H11: BOXABLE/FLAT | M11: NON-BOXABLE/PACKET
C12: Weight Band | D12: Route | E12: Total Items | F12: Total Weight | H12: Weight Band | I12: Route | J12: Total Items | K12: Total Weight | M12: Weight Band | N12: Route | O12: Total Items | P12: Total Weight | Y12: Master Country List
A13: AT | B13: Austria | C13: 0-100g | D13: Swiss Post | H13: 0-2000g | I13: Swiss Post | M13: 0-2000g | N13: La Poste | T13: AT | V13: AT | Y13: Austria | AB13: =IF(Y13=B13,"TRUE","FALSE") -> TRUE
A14: BE | B14: Belgium | C14: 0-100g | D14: Swiss Post | H14: 0-2000g | I14: La Poste | M14: 0-2000g | N14: La Poste | T14: BE | V14: BE | Y14: Belgium | AB14: =IF(Y14=B14,"TRUE","FALSE") -> TRUE
A15: HR | B15: Croatia | C15: 0-100g | D15: La Poste | H15: 0-2000g | I15: La Poste | M15: 0-2000g | N15: La Poste | T15: HR | V15: HR | Y15: Croatia | AB15: =IF(Y15=B15,"TRUE","FALSE") -> TRUE
A16: CZ | B16: Czech Republic | C16: 0-100g | D16: La Poste | H16: 0-2000g | I16: La Poste | M16: 0-2000g | N16: La Poste | T16: CZ | V16: CZ | Y16: Czech Republic | AB16: =IF(Y16=B16,"TRUE","FALSE") -> TRUE
A17: DK | B17: Denmark | C17: 0-100g | D17: La Poste | H17: 0-500g | I17: La Poste | M17: 0-2000g | N17: La Poste | T17: DK | V17: DK | Y17: Denmark | AB17: =IF(Y17=B17,"TRUE","FALSE") -> TRUE
A18: EE | B18: Estonia | C18: 0-100g | D18: La Poste | H18: 0-2000g | I18: La Poste | M18: 0-2000g | N18: La Poste | T18: EE | V18: EE | Y18: Estonia | AB18: =IF(Y18=B18,"TRUE","FALSE") -> TRUE
A19: FI | B19: Finland | C19: 0-100g | D19: La Poste | H19: 0-2000g | I19: La Poste | M19: 0-2000g | N19: La Poste | T19: FI | V19: FI | Y19: Finland | AB19: =IF(Y19=B19,"TRUE","FALSE") -> TRUE
A20: FR | B20: France | C20: 0-100g | D20: La Poste | H20: 0-2000g | I20: La Poste | M20: 0-2000g | N20: La Poste | T20: FR | V20: FR | Y20: France | AB20: =IF(Y20=B20,"TRUE","FALSE") -> TRUE
A21: DE | B21: Germany | C21: 0-100g | D21: Swiss Post | H21: 0-2000g | I21: La Poste | M21: 0-2000g | N21: La Poste | T21: DE | V21: DE | Y21: Germany | AB21: =IF(Y21=B21,"TRUE","FALSE") -> TRUE
A22: GR | B22: Greece | C22: 0-100g | D22: La Poste | H22: 0-2000g | I22: La Poste | M22: 0-2000g | N22: La Poste | T22: GR | V22: GR | Y22: Greece | AB22: =IF(Y22=B22,"TRUE","FALSE") -> TRUE
A23: HU | B23: Hungary | C23: 0-100g | D23: La Poste | H23: 0-2000g | I23: La Poste | M23: 0-2000g | N23: La Poste | T23: HU | V23: HU | Y23: Hungary | AB23: =IF(Y23=B23,"TRUE","FALSE") -> TRUE
A24: IS | B24: Iceland | C24: 0-100g | D24: Swiss Post | H24: 0-2000g | I24: La Poste | M24: 0-5000g | N24: La Poste | T24: IS | V24: IS | Y24: Iceland | AB24: =IF(Y24=B24,"TRUE","FALSE") -> TRUE
... A39: CH | B39: Switzerland | C39: 0-100g | D39: Swiss Post | H39: 0-2000g | I39: Swiss Post | M39: 0-5000g | N39: Swiss Post | T39: CH | V39: CH | Y39: Switzerland | AB39: =IF(Y39=B39,"TRUE","FALSE") -> TRUE
A40: CH
B41: UK (1st Class) | C41: 0-100g | D41: Royal Mail | H41: 0-500g | I41: Royal Mail | M41: 0-2000g | N41: Royal Mail | Y41: UK | AB41: =IF(Y41=B41,"TRUE","FALSE") -> FALSE
B44: Work Required | C44: Sortation | D44: Franking | E44: Other (state) | M44: EUROPE + ROW | O44: Item # | P44: Weight
B45: Office Check | M45: TOTAL | O45: =SUM(E13:E41,J13:J41,O13:O41,E60:E71,J60:J71,O60:O71,E76:E98,O76:O99,E110:E152,O110:O146,E164:E196,O164:O189) -> 0 | P45: =SUM(F13:F41,K13:K41,P13:P41,F60:F71,K60:K71,P60:P71,F76:F98,P76:P99,F110:F152,P110:P146,F164:F196,P164:P189) -> 0
B51: Asendia UK Business Mail
B52: =B4 -> Valid from 1st January 2025
B54: Customer Name | D54: =IF($D$6=0,"",$D$6) -> Citipost Ltd | G54: Authorisation # | I54: =IF($D$7=0,"",$D$7) | L54: Shipment Date | N54: =IF($N$6=0,"",$N$6)
D56: Letters | G56: Letters | I56: Flats | L56: Flats | N56: Packets | Q56: Packets
C57: PRIORITY | H57: PRIORITY | M57: PRIORITY
C58: LETTERS | H58: FLAT | M58: PACKET
C59: Weight Band | D59: Route | E59: Total Items | F59: Total Weight | H59: Weight Band | I59: Route | J59: Total Items | K59: Total Weight | M59: Weight Band | N59: Route | O59: Total Items | P59: Total Weight
A60: AU | B60: Australia | C60: 0-100g | D60: La Poste | H60: 0-500g | I60: La Poste | M60: 0-2000g | N60: La Poste | T60: AU | V60: AU | Y60: Australia | AB60: =IF(Y60=B60,"TRUE","FALSE") -> TRUE
A61: CA | B61: Canada | C61: 0-100g | D61: Swiss Post | H61: 0-500g | I61: Swiss Post | M61: 0-2000g | N61: Swiss Post | T61: CA | V61: CA | Y61: Canada | AB61: =IF(Y61=B61,"TRUE","FALSE") -> TRUE
B62: China | C62: 0-100g | D62: La Poste | H62: 0-500g | I62: La Poste | M62: 0-5000g | N62: La Poste | T62: CN | V62: CN | Y62: China | AB62: =IF(Y62=B62,"TRUE","FALSE") -> TRUE
B63: Israel | C63: 0-100g | D63: La Poste | H63: 0-500g | I63: La Poste | M63: 0-5000g | N63: La Poste | T63: IL | V63: IL | Y63: Israel | AB63: =IF(Y63=B63,"TRUE","FALSE") -> TRUE
B64: Japan | C64: 0-100g | D64: Swiss Post | H64: 0-500g | I64: Swiss Post | M64: 0-5000g | N64: Swiss Post | T64: JP | V64: JP | Y64: Japan | AB64: =IF(Y64=B64,"TRUE","FALSE") -> TRUE
B65: Malta | C65: 0-100g | D65: Swiss Post | H65: 0-500g | I65: La Poste | M65: 0-5000g | N65: La Poste
B66: New Zealand | C66: 0-100g | D66: La Poste | H66: 0-500g | I66: La Poste | M66: 0-2000g | N66: La Poste | T66: NZ | V66: NZ | Y66: New Zealand | AB66: =IF(Y66=B66,"TRUE","FALSE") -> TRUE
B67: Russia | C67: 0-100g | D67: N/A | E67: N/A | F67: N/A | H67: 0-500g | I67: N/A | J67: N/A | K67: N/A | M67: 0-2000g | N67: N/A | O67: N/A | P67: N/A | T67: RU | V67: RU | Y67: Russia | AB67: =IF(Y67=B67,"TRUE","FALSE") -> TRUE
B68: Singapore | C68: 0-100g | D68: Swiss Post | H68: 0-500g | I68: Swiss Post | M68: 0-5000g | N68: Swiss Post | T68: SG | V68: SG | Y68: Singapore | AB68: =IF(Y68=B68,"TRUE","FALSE") -> TRUE
B69: Korea, Republic of | C69: 0-100g | D69: Swiss Post | H69: 0-500g | I69: La Poste | M69: 0-5000g | N69: La Poste | T69: KR | V69: KR | Y69: South Korea | AB69: =IF(Y69=B69,"TRUE","FALSE") -> FALSE
B70: Taiwan, Province of China | C70: 0-100g | D70: Swiss Post | H70: 0-500g | I70: La Poste | M70: 0-5000g | N70: La Poste | T70: TW | V70: TW | Y70: Taiwan | AB70: =IF(Y70=B70,"TRUE","FALSE") -> FALSE
B71: United States | C71: 0-100g | D71: Swiss Post | H71: 0-500g | I71: Swiss Post | M71: 0-2000g | N71: La Poste | T71: US | V71: US | Y71: United States | AB71: =IF(Y71=B71,"TRUE","FALSE") -> TRUE
D73: 1 | G73: 1 | N73: 2 | Q73: 2
C74: PRIORITY | M74: PRIORITY
C75: Weight Band | D75: Route | E75: Total Items | F75: Total Weight | M75: Weight Band | N75: Route | O75: Total Items | P75: Total Weight | T75: 1 | U75: 2
B76: Afghanistan | C76: 0-2000g | D76: La Poste | K76: Botswana | M76: 0-5000g | N76: La Poste | T76: ZZZZ | U76: ZZZZ | V76: ZZZZ | W76: ZZZZ | Y76: Afghanistan | AB76: =IF(Y76=B76,"TRUE","FALSE") -> TRUE | AD76: Botswana | AG76: =IF(AD76=K76,"TRUE","FALSE") -> TRUE
B77: Åland Islands | C77: 0-5000g | D77: La Poste | K77: Bouvet Island | M77: 0-2000g | N77: La Poste | T77: ZZZZ | U77: ZZZZ | V77: ZZZZ | W77: ZZZZ | Y77: Albania | AB77: =IF(Y77=B78,"TRUE","FALSE") -> TRUE | AD77: Bouvet Island | AG77: =IF(AD77=K77,"TRUE","FALSE") -> TRUE
B78: Albania | C78: 0-5000g | D78: La Poste | K78: Brazil | M78: 0-2000g | N78: La Poste | T78: ZZZZ | U78: ZZZZ | V78: ZZZZ | W78: ZZZZ | Y78: Algeria | AB78: =IF(Y78=B79,"TRUE","FALSE") -> TRUE | AD78: British Indian Ocn Terr | AG78: =IF(AD78=#REF!,"TRUE","FALSE") -> #REF!
B79: Algeria | C79: 0-5000g | D79: Swiss Post | K79: Brunei Darussalam | M79: 0-5000g | N79: La Poste | T79: ZZZZ | U79: ZZZZ | V79: ZZZZ | W79: ZZZZ | Y79: American Samoa | AB79: =IF(Y79=#REF!,"TRUE","FALSE") -> #REF! | AD79: Brunei Darussalam | AG79: =IF(AD79=K79,"TRUE","FALSE") -> TRUE
B80: Andorra | C80: 0-5000g | D80: La Poste | K80: Bulgaria | M80: 0-5000g | N80: La Poste | T80: ZZZZ | U80: ZZZZ | V80: ZZZZ | W80: =INDEX('Country Code LU'!$B$2:$B$250,MATCH('Priority Manifest'!#REF!,'Country Code LU'!$A$2:$A$250,0)) -> #REF! | Y80: Andorra | AB80: =IF(Y80=B80,"TRUE","FALSE") -> TRUE | AD80: Bulgaria | AG80: =IF(AD80=#REF!,"TRUE","FALSE") -> #REF!
B81: Angola | C81: 0-2000g | D81: La Poste | K81: Burkina Faso | M81: 0-5000g | N81: La Poste | T81: ZZZZ | U81: ZZZZ | V81: ZZZZ | W81: ZZZZ | Y81: Angola | AB81: =IF(Y81=B81,"TRUE","FALSE") -> TRUE | AD81: Burkina Faso | AG81: =IF(AD81=K81,"TRUE","FALSE") -> TRUE
B82: Anguilla | C82: 0-5000g | D82: La Poste | K82: Burundi | M82: 0-5000g | N82: La Poste | T82: ZZZZ | U82: ZZZZ | V82: ZZZZ | W82: ZZZZ | Y82: Anguilla | AB82: =IF(Y82=B82,"TRUE","FALSE") -> TRUE | AD82: Burundi | AG82: =IF(AD82=K82,"TRUE","FALSE") -> TRUE
B83: Antigua And Barbuda | C83: 0-5000g | D83: La Poste | K83: Canary Islands | M83: 0-2000g | N83: La Poste | T83: ZZZZ | U83: ZZZZ | V83: ZZZZ | W83: ZZZZ | Y83: Antarctica | AB83: =IF(Y83=#REF!,"TRUE","FALSE") -> #REF! | AD83: Cambodia | AG83: =IF(AD83=K84,"TRUE","FALSE") -> TRUE
B84: Argentina | C84: 0-5000g | D84: La Poste | K84: Cambodia | M84: 0-5000g | N84: La Poste | T84: ZZZZ | U84: ZZZZ | V84: ZZZZ | W84: ZZZZ | Y84: Antigua And Barbuda | AB84: =IF(Y84=B83,"TRUE","FALSE") -> TRUE | AD84: Cameroon | AG84: =IF(AD84=K85,"TRUE","FALSE") -> TRUE
B85: Armenia | C85: 0-5000g | D85: La Poste | K85: Cameroon | M85: 0-5000g | N85: La Poste | T85: ZZZZ | U85: ZZZZ | V85: ZZZZ | W85: ZZZZ | Y85: Argentina | AB85: =IF(Y85=B84,"TRUE","FALSE") -> TRUE | AD85: Cape Verde | AG85: =IF(AD85=K86,"TRUE","FALSE") -> TRUE
B86: Aruba | C86: 0-5000g | D86: La Poste | K86: Cape Verde | M86: 0-5000g | N86: La Poste | T86: ZZZZ | U86: ZZZZ | V86: ZZZZ | W86: ZZZZ | Y86: Armenia | AB86: =IF(Y86=B85,"TRUE","FALSE") -> TRUE | AD86: Cayman Islands | AG86: =IF(AD86=K87,"TRUE","FALSE") -> TRUE
B87: Azerbaijan | C87: 0-5000g | D87: La Poste | K87: Cayman Islands | M87: 0-5000g | N87: La Poste | T87: ZZZZ | U87: ZZZZ | V87: ZZZZ | W87: ZZZZ | Y87: Aruba | AB87: =IF(Y87=B86,"TRUE","FALSE") -> TRUE | AD87: Central African Rep | AG87: =IF(AD87=K88,"TRUE","FALSE") -> FALSE
B88: Bahamas | C88: 0-5000g | D88: La Poste | K88: Central African Republic | M88: 0-5000g | N88: La Poste | T88: ZZZZ | U88: ZZZZ | V88: ZZZZ | W88: ZZZZ | Y88: Azerbaijan | AB88: =IF(Y88=B87,"TRUE","FALSE") -> TRUE | AD88: Chad | AG88: =IF(AD88=K89,"TRUE","FALSE") -> TRUE
B89: Bahrain | C89: 0-5000g | D89: La Poste | K89: Chad | M89: 0-5000g | N89: La Poste | T89: ZZZZ | U89: ZZZZ | V89: ZZZZ | W89: ZZZZ | Y89: Bahamas | AB89: =IF(Y89=B88,"TRUE","FALSE") -> TRUE | AD89: Chile | AG89: =IF(AD89=K90,"TRUE","FALSE") -> TRUE
B90: Bangladesh | C90: 0-5000g | D90: La Poste | K90: Chile | M90: 0-5000g | N90: La Poste | T90: ZZZZ | U90: ZZZZ | V90: ZZZZ | W90: ZZZZ | Y90: Bahrain | AB90: =IF(Y90=B89,"TRUE","FALSE") -> TRUE | AD90: Christmas Island | AG90: =IF(AD90=K91,"TRUE","FALSE") -> TRUE
B91: Barbados | C91: 0-5000g | D91: La Poste | K91: Christmas Island | M91: 0-2000g | N91: La Poste | T91: ZZZZ | U91: ZZZZ | V91: ZZZZ | W91: ZZZZ | Y91: Bangladesh | AB91: =IF(Y91=B90,"TRUE","FALSE") -> TRUE | AD91: Cocos (Keeling) Islands | AG91: =IF(AD91=K92,"TRUE","FALSE") -> TRUE
B92: Belarus | C92: 0-5000g | D92: La Poste | K92: Cocos (Keeling) Islands | M92: 0-2000g | N92: La Poste | T92: ZZZZ | U92: ZZZZ | V92: ZZZZ | W92: ZZZZ | Y92: Barbados | AB92: =IF(Y92=B91,"TRUE","FALSE") -> TRUE | AD92: Colombia | AG92: =IF(AD92=K93,"TRUE","FALSE") -> TRUE
B93: Belize | C93: 0-5000g | D93: La Poste | K93: Colombia | M93: 0-5000g | N93: La Poste | T93: ZZZZ | U93: ZZZZ | V93: ZZZZ | W93: ZZZZ | Y93: Belarus | AB93: =IF(Y93=B92,"TRUE","FALSE") -> TRUE | AD93: Comoros | AG93: =IF(AD93=K94,"TRUE","FALSE") -> TRUE
B94: Benin | C94: 0-5000g | D94: La Poste | K94: Comoros | M94: 0-5000g | N94: La Poste | T94: ZZZZ | U94: ZZZZ | V94: ZZZZ | W94: ZZZZ | Y94: Belize | AB94: =IF(Y94=B93,"TRUE","FALSE") -> TRUE | AD94: Congo | AG94: =IF(AD94=K95,"TRUE","FALSE") -> TRUE
B95: Bermuda | C95: 0-5000g | D95: La Poste | K95: Congo | M95: 0-5000g | N95: La Poste | T95: ZZZZ | U95: ZZZZ | V95: ZZZZ | W95: ZZZZ | Y95: Benin | AB95: =IF(Y95=B94,"TRUE","FALSE") -> TRUE | AD95: Congo Dem | AG95: =IF(AD95=#REF!,"TRUE","FALSE") -> #REF!
B96: Bhutan | C96: 0-5000g | D96: La Poste | K96: Cook Islands | M96: 0-5000g | N96: La Poste | T96: ZZZZ | U96: ZZZZ | V96: ZZZZ | W96: ZZZZ | Y96: Bermuda | AB96: =IF(Y96=B95,"TRUE","FALSE") -> TRUE | AD96: Cook Islands | AG96: =IF(AD96=K96,"TRUE","FALSE") -> TRUE
B97: Bolivia, Plurinational State of | C97: 0-5000g | D97: La Poste | K97: Costa Rica | M97: 0-5000g | N97: La Poste | T97: ZZZZ | U97: ZZZZ | V97: ZZZZ | W97: ZZZZ | Y97: Bhutan | AB97: =IF(Y97=B96,"TRUE","FALSE") -> TRUE | AD97: Costa Rica | AG97: =IF(AD97=K97,"TRUE","FALSE") -> TRUE
B98: Bosnia and Herzegovina | C98: 0-5000g | D98: La Poste | K98: Côte d'Ivoire | M98: 0-5000g | N98: La Poste | T98: ZZZZ | U98: ZZZZ | V98: ZZZZ | W98: ZZZZ | Y98: Bolivia | AB98: =IF(Y98=B97,"TRUE","FALSE") -> FALSE | AD98: Cote D'Ivoire | AG98: =IF(AD98=K98,"TRUE","FALSE") -> FALSE
K99: Cyprus | M99: 0-2000g | N99: La Poste | T99: ZZZZ | U99: ZZZZ | V99: ZZZZ | W99: =INDEX('Country Code LU'!$B$2:$B$250,MATCH('Priority Manifest'!$K99,'Country Code LU'!$A$2:$A$250,0)) -> CY | Y99: Bosnia & Herzegovina | AB99: =IF(Y99=B98,"TRUE","FALSE") -> FALSE | AD99: Cyprus | AG99: =IF(AD99=K99,"TRUE","FALSE") -> TRUE
B102: Asendia UK Business Mail
B103: =B4 -> Valid from 1st January 2025
B105: Customer Name | D105: =IF($D$6=0,"",$D$6) -> Citipost Ltd | G105: Authorisation # | I105: =IF($D$7=0,"",$D$7) | L105: Shipment Date | N105: =IF($N$6=0,"",$N$6)
G107: 1 | Q107: 2
C108: PRIORITY | M108: PRIORITY
C109: Weight Band | D109: Route | E109: Total Items | F109: Total Weight | M109: Weight Band | N109: Route | O109: Total Items | P109: Total Weight
B110: Djibouti | C110: 0-5000g | D110: La Poste | K110: Kyrgyzstan | M110: 0-5000g | N110: La Poste
B111: Democratic Republic of Congo | C111: 0-5000g | D111: La Poste | K111: Lao People's Democratic Republic | M111: 0-5000g | N111: La Poste | T111: =IF(D110="#N/A","ZZZZ",D110) -> La Poste | U111: ZZZZ | V111: ZZZZ | W111: ZZZZ | Y111: Djibouti | AD111: Kyrgyzstan
B112: Dominica | C112: 0-5000g | D112: La Poste | K112: Lebanon | M112: 0-5000g | N112: La Poste | T112: ZZZZ | U112: ZZZZ | V112: ZZZZ | W112: ZZZZ | Y112: Dominica | AD112: Laos
B113: Dominican Republic | C113: 0-5000g | D113: La Poste | K113: Lesotho | M113: 0-5000g | N113: La Poste | T113: ZZZZ | U113: ZZZZ | V113: ZZZZ | W113: =INDEX('Country Code LU'!$B$2:$B$250,MATCH('Priority Manifest'!$K112,'Country Code LU'!$A$2:$A$250,0)) -> LB | Y113: Dominican Republic | AD113: Lebanon
B114: Ecuador | C114: 0-5000g | D114: La Poste | K114: Liberia | M114: 0-5000g | N114: La Poste | T114: ZZZZ | U114: ZZZZ | V114: ZZZZ | W114: ZZZZ | Y114: East Timor | AD114: Lesotho
B115: Egypt | C115: 0-5000g | D115: La Poste | K115: Libya | M115: 0-5000g | N115: La Poste | T115: ZZZZ | U115: ZZZZ | V115: ZZZZ | W115: ZZZZ | Y115: Ecuador | AD115: Liberia
B116: El Salvador | C116: 0-5000g | D116: La Poste | K116: Liechtenstein | M116: 0-5000g | N116: Swiss Post | T116: ZZZZ | U116: ZZZZ | V116: ZZZZ | W116: ZZZZ | Y116: Egypt | AD116: Libya
B117: Equatorial Guinea | C117: 0-5000g | D117: La Poste | K117: Macao | M117: 0-5000g | N117: La Poste | T117: ZZZZ | U117: ZZZZ | V117: ZZZZ | W117: ZZZZ | Y117: El Salvador | AD117: Liechtenstein
B118: Eritrea | C118: 0-5000g | D118: La Poste | K118: Madagascar | M118: 0-5000g | N118: La Poste | T118: ZZZZ | U118: ZZZZ | V118: ZZZZ | W118: ZZZZ | Y118: Equatorial Guinea | AD118: Macao
B119: Ethiopia | C119: 0-5000g | D119: La Poste | K119: Malawi | M119: 0-5000g | N119: La Poste | T119: ZZZZ | U119: ZZZZ | V119: ZZZZ | W119: ZZZZ | Y119: Eritrea | AD119: Macedonia
B120: Eswatini | C120: 0-5000g | D120: La Poste | K120: Malaysia | M120: 0-2000g | N120: La Poste | T120: ZZZZ | U120: ZZZZ | V120: ZZZZ | W120: ZZZZ | Y120: Ethiopia | AD120: Madagascar
B121: Falkland Islands (Malvinas) | C121: 0-2000g | D121: La Poste | K121: Maldives | M121: 0-5000g | N121: La Poste | T121: ZZZZ | U121: ZZZZ | V121: ZZZZ | W121: =INDEX('Country Code LU'!$B$2:$B$250,MATCH('Priority Manifest'!$K119,'Country Code LU'!$A$2:$A$250,0)) -> MW | Y121: Falkland Islands | AD121: Malawi
B122: Faroe Islands | C122: 0-2000g | D122: La Poste | K122: Mali | M122: 0-5000g | N122: La Poste | T122: ZZZZ | U122: ZZZZ | V122: ZZZZ | W122: =INDEX('Country Code LU'!$B$2:$B$250,MATCH('Priority Manifest'!$K120,'Country Code LU'!$A$2:$A$250,0)) -> MY | Y122: Faroe Islands | AD122: Malaysia
B123: Fiji | C123: 0-5000g | D123: La Poste | K123: Martinique | M123: 0-5000g | N123: La Poste | T123: ZZZZ | U123: ZZZZ | V123: ZZZZ | W123: ZZZZ | Y123: Fiji | AD123: Maldives
B124: French Guiana | C124: 0-5000g | D124: La Poste | K124: Mauritania | M124: 0-5000g | N124: La Poste | T124: ZZZZ | U124: ZZZZ | V124: ZZZZ | W124: ZZZZ | Y124: French Guiana | AD124: Mali
B125: French Southern Territories | C125: 0-2000g | D125: La Poste | K125: Mauritius | M125: 0-5000g | N125: La Poste | T125: ZZZZ | U125: ZZZZ | V125: ZZZZ | W125: =INDEX('Country Code LU'!$B$2:$B$250,MATCH('Priority Manifest'!#REF!,'Country Code LU'!$A$2:$A$250,0)) -> #REF! | Y125: French Polynesia | AD125: Malta
B126: Gabon | C126: 0-5000g | D126: La Poste | K126: Mayotte | M126: 0-2000g | N126: La Poste | T126: ZZZZ | U126: ZZZZ | V126: ZZZZ | W126: ZZZZ | Y126: French Southern Terr | AD126: Marshall Islands
B127: Gambia | C127: 0-5000g | D127: La Poste | K127: Mexico | M127: 0-5000g | N127: La Poste | T127: ZZZZ | U127: ZZZZ | V127: ZZZZ | W127: ZZZZ | Y127: Gabon | AD127: Martinique
B128: Georgia | C128: 0-5000g | D128: La Poste | K128: Micronesia, Federated States of | M128: 0-2000g | N128: La Poste | T128: ZZZZ | U128: ZZZZ | V128: ZZZZ | W128: ZZZZ | Y128: Gambia | AD128: Mauritania
B129: Ghana | C129: 0-5000g | D129: Swiss Post | K129: Moldova, Republic of | M129: 0-5000g | N129: La Poste | T129: ZZZZ | U129: ZZZZ | V129: ZZZZ | W129: ZZZZ | Y129: Georgia | AD129: Mauritius
B130: Gibraltar | C130: 0-5000g | D130: Swiss Post | K130: Monaco | M130: 0-5000g | N130: La Poste | T130: ZZZZ | U130: ZZZZ | V130: ZZZZ | W130: ZZZZ | Y130: Ghana | AD130: Mayotte
...

Sheet Non-Priority Manifest
B1: Non-Priority
G2: Preparation Level (Please enter X) | K2: Franking Level (Please enter X)
B3: Asendia UK Business Mail | G3: Fully Prepared | H3: x | I3: Part Prepared | K3: Full PPI | L3: x | M3: Part PPI
B4: ='Priority Manifest'!$B$4 -> Valid from 1st January 2025 | G4: Note: Surcharges will apply for any Part Prepared/Part Franked volumes received
B6: Customer Name | D6: Citipost Limited | G6: Customer Ref | L6: Shipment Date
B7: Authorisation # | G7: Quotation # | L7: Number of bags
D9: Letters | G9: Letters | I9: Flats | L9: Flats | N9: Packets | Q9: Packets
C10: NON-PRIORITY | H10: NON-PRIORITY | M10: NON-PRIORITY
C11: LETTERS | H11: BOXABLE/FLAT | M11: NON-BOXABLE/PACKET
C12: Weight Band | D12: Route | E12: Total Items | F12: Total Weight | H12: Weight Band | I12: Route | J12: Total Items | K12: Total Weight | M12: Weight Band | N12: Route | O12: Total Items | P12: Total Weight | Y12: Master Country List
A13: AT | B13: Austria | C13: 0-100g | D13: La Poste | H13: 0-2000g | I13: Swiss Post | M13: 0-2000g | N13: La Poste | T13: AT | V13: AT | Y13: Austria | AB13: =IF(Y13=B13,"TRUE","FALSE") -> TRUE
A14: BE | B14: Belgium | C14: 0-100g | D14: Swiss Post | H14: 0-2000g | I14: Swiss Post | M14: 0-2000g | N14: Swiss Post | T14: BE | V14: BE | Y14: Belgium | AB14: =IF(Y14=B14,"TRUE","FALSE") -> TRUE
A15: HR | B15: Croatia | C15: 0-100g | D15: La Poste | H15: 0-2000g | I15: La Poste | M15: 0-2000g | N15: La Poste | T15: HR | V15: HR | Y15: Croatia | AB15: =IF(Y15=B15,"TRUE","FALSE") -> TRUE
A16: CZ | B16: Czech Republic | C16: 0-100g | D16: La Poste | H16: 0-2000g | I16: La Poste | M16: 0-2000g | N16: La Poste | T16: CZ | V16: CZ | Y16: Czech Republic | AB16: =IF(Y16=B16,"TRUE","FALSE") -> TRUE
A17: DK | B17: Denmark | C17: 0-100g | D17: La Poste | H17: 0-500g | I17: La Poste | M17: 0-2000g | N17: La Poste | T17: DK | V17: DK | Y17: Denmark | AB17: =IF(Y17=B17,"TRUE","FALSE") -> TRUE
A18: EE | B18: Estonia | C18: 0-100g | D18: La Poste | H18: 0-2000g | I18: La Poste | M18: 0-2000g | N18: La Poste | T18: EE | V18: EE | Y18: Estonia | AB18: =IF(Y18=B18,"TRUE","FALSE") -> TRUE
A19: FI | B19: Finland | C19: 0-100g | D19: La Poste | H19: 0-2000g | I19: La Poste | M19: 0-2000g | N19: La Poste | T19: FI | V19: FI | Y19: Finland | AB19: =IF(Y19=B19,"TRUE","FALSE") -> TRUE
A20: FR | B20: France | C20: 0-100g | D20: La Poste | H20: 0-2000g | I20: La Poste | M20: 0-2000g | N20: La Poste | T20: FR | V20: FR | Y20: France | AB20: =IF(Y20=B20,"TRUE","FALSE") -> TRUE
A21: DE | B21: Germany | C21: 0-100g | D21: Swiss Post | H21: 0-2000g | I21: Swiss Post | M21: 0-2000g | N21: La Poste | T21: DE | V21: DE | Y21: Germany | AB21: =IF(Y21=B21,"TRUE","FALSE") -> TRUE
A22: GR | B22: Greece | C22: 0-100g | D22: La Poste | H22: 0-2000g | I22: La Poste | M22: 0-2000g | N22: La Poste | T22: GR | V22: GR | Y22: Greece | AB22: =IF(Y22=B22,"TRUE","FALSE") -> TRUE
A23: HU | B23: Hungary | C23: 0-100g | D23: La Poste | H23: 0-2000g | I23: La Poste | M23: 0-2000g | N23: La Poste | T23: HU | V23: HU | Y23: Hungary | AB23: =IF(Y23=B23,"TRUE","FALSE") -> TRUE
A24: IS | B24: Iceland | C24: 0-100g | D24: La Poste | H24: 0-2000g | I24: La Poste | M24: 0-5000g | N24: La Poste | T24: IS | V24: IS | Y24: Iceland | AB24: =IF(Y24=B24,"TRUE","FALSE") -> TRUE
... A39: CH | B39: Switzerland | C39: 0-100g | D39: Swiss Post | H39: 0-2000g | I39: Swiss Post | M39: 0-5000g | N39: Swiss Post | T39: CH | V39: CH | Y39: Switzerland | AB39: =IF(Y39=B39,"TRUE","FALSE") -> TRUE
A40: CH
B41: UK (1st Class) | C41: 0-100g | D41: Royal Mail | H41: 0-500g | I41: Royal Mail | M41: 0-2000g | N41: Royal Mail | Y41: UK | AB41: =IF(Y41=B41,"TRUE","FALSE") -> FALSE
B44: Work Required | C44: Sortation | D44: Franking | E44: Other (state) | M44: EUROPE + ROW | O44: Item # | P44: Weight
B45: Office Check | M45: TOTAL | O45: =SUM(E13:E41,J13:J41,O13:O41,E60:E71,J60:J71,O60:O71,E76:E98,O76:O99,E110:E152,O110:O146,E163:E195,O163:O188) -> 0 | P45: =SUM(F13:F41,K13:K41,P13:P41,F60:F71,K60:K71,P60:P71,F76:F98,P76:P99,F110:F152,P110:P146,F163:F195,P163:P188) -> 0
B51: Asendia UK Business Mail
B52: =B4 -> Valid from 1st January 2025
B54: Customer Name | D54: =IF($D$6=0,"",$D$6) -> Citipost Limited | G54: Authorisation # | I54: =IF($D$7=0,"",$D$7) | L54: Shipment Date | N54: =IF($N$6=0,"",$N$6)
D56: Letters | G56: Letters | I56: Flats | L56: Flats | N56: Packets | Q56: Packets
C57: NON-PRIORITY | H57: NON-PRIORITY | M57: NON-PRIORITY
C58: LETTERS | H58: FLAT | M58: PACKET
C59: Weight Band | D59: Route | E59: Total Items | F59: Total Weight | H59: Weight Band | I59: Route | J59: Total Items | K59: Total Weight | M59: Weight Band | N59: Route | O59: Total Items | P59: Total Weight
A60: AU | B60: Australia | C60: 0-100g | D60: La Poste | H60: 0-500g | I60: La Poste | M60: 0-2000g | N60: La Poste | T60: AU | V60: AU | Y60: Australia | AB60: =IF(Y60=B60,"TRUE","FALSE") -> TRUE
A61: CA | B61: Canada | C61: 0-100g | D61: Swiss Post | H61: 0-500g | I61: Swiss Post | M61: 0-2000g | N61: Swiss Post | T61: CA | V61: CA | Y61: Canada | AB61: =IF(Y61=B61,"TRUE","FALSE") -> TRUE
B62: China | C62: 0-100g | D62: La Poste | H62: 0-500g | I62: La Poste | M62: 0-5000g | N62: La Poste | T62: CN | V62: CN | Y62: China | AB62: =IF(Y62=B62,"TRUE","FALSE") -> TRUE
B63: Israel | C63: 0-100g | D63: La Poste | H63: 0-500g | I63: La Poste | M63: 0-5000g | N63: La Poste | T63: IL | V63: IL | Y63: Israel | AB63: =IF(Y63=B63,"TRUE","FALSE") -> TRUE
B64: Japan | C64: 0-100g | D64: Swiss Post | H64: 0-500g | I64: Swiss Post | M64: 0-5000g | N64: Swiss Post | T64: JP | V64: JP | Y64: Japan | AB64: =IF(Y64=B64,"TRUE","FALSE") -> TRUE
B65: Malta | C65: 0-100g | D65: Swiss Post | H65: 0-500g | I65: La Poste | M65: 0-5000g | N65: La Poste
B66: New Zealand | C66: 0-100g | D66: La Poste | H66: 0-500g | I66: La Poste | M66: 0-2000g | N66: La Poste | T66: NZ | V66: NZ | Y66: New Zealand | AB66: =IF(Y66=B66,"TRUE","FALSE") -> TRUE
B67: Russia | C67: 0-100g | D67: N/A | E67: N/A | F67: N/A | H67: 0-500g | I67: N/A | J67: N/A | K67: N/A | M67: 0-2000g | N67: N/A | O67: N/A | P67: N/A | T67: RU | V67: RU | Y67: Russia | AB67: =IF(Y67=B67,"TRUE","FALSE") -> TRUE
B68: Singapore | C68: 0-100g | D68: Swiss Post | H68: 0-500g | I68: Swiss Post | M68: 0-5000g | N68: Swiss Post | T68: SG | V68: SG | Y68: Singapore | AB68: =IF(Y68=B68,"TRUE","FALSE") -> TRUE
B69: Korea, Republic of | C69: 0-100g | D69: Swiss Post | H69: 0-500g | I69: La Poste | M69: 0-5000g | N69: La Poste | T69: KR | V69: KR | Y69: South Korea | AB69: =IF(Y69=B69,"TRUE","FALSE") -> FALSE
B70: Taiwan, Province of China | C70: 0-100g | D70: La Poste | H70: 0-500g | I70: La Poste | M70: 0-5000g | N70: La Poste | T70: TW | V70: TW | Y70: Taiwan | AB70: =IF(Y70=B70,"TRUE","FALSE") -> FALSE
B71: United States | C71: 0-100g | D71: Swiss Post | H71: 0-500g | I71: Swiss Post | M71: 0-2000g | N71: La Poste | T71: US | V71: US | Y71: United States | AB71: =IF(Y71=B71,"TRUE","FALSE") -> TRUE
D73: 1 | G73: 1 | N73: 2 | Q73: 2
C74: NON-PRIORITY | M74: NON-PRIORITY
C75: Weight Band | D75: Route | E75: Total Items | F75: Total Weight | M75: Weight Band | N75: Route | O75: Total Items | P75: Total Weight | T75: 1 | U75: 2
B76: Afghanistan | C76: 0-2000g | D76: La Poste | K76: Botswana | M76: 0-5000g | N76: La Poste | T76: ZZZZ | U76: ZZZZ | V76: ZZZZ | W76: ZZZZ | Y76: Afghanistan | AB76: =IF(Y76=B76,"TRUE","FALSE") -> TRUE | AD76: Botswana
B77: Åland Islands | C77: 0-5000g | D77: La Poste | K77: Bouvet Island | M77: 0-2000g | N77: La Poste | T77: ZZZZ | U77: ZZZZ | V77: ZZZZ | W77: ZZZZ | Y77: Albania | AB77: =IF(Y77=B78,"TRUE","FALSE") -> TRUE | AD77: Bouvet Island
B78: Albania | C78: 0-5000g | D78: La Poste | K78: Brazil | M78: 0-2000g | N78: La Poste | T78: ZZZZ | U78: ZZZZ | V78: ZZZZ | W78: ZZZZ | Y78: Algeria | AB78: =IF(Y78=B79,"TRUE","FALSE") -> TRUE | AD78: British Indian Ocn Terr
B79: Algeria | C79: 0-5000g | D79: Swiss Post | K79: Brunei Darussalam | M79: 0-5000g | N79: La Poste | T79: ZZZZ | U79: ZZZZ | V79: ZZZZ | W79: ZZZZ | Y79: American Samoa | AB79: =IF(Y79=#REF!,"TRUE","FALSE") -> #REF! | AD79: Brunei Darussalam
B80: Andorra | C80: 0-5000g | D80: La Poste | K80: Bulgaria | M80: 0-5000g | N80: La Poste | T80: ZZZZ | U80: ZZZZ | V80: ZZZZ | W80: =INDEX('Country Code LU'!$B$2:$B$250,MATCH('Priority Manifest'!#REF!,'Country Code LU'!$A$2:$A$250,0)) -> #REF! | Y80: Andorra | AB80: =IF(Y80=B80,"TRUE","FALSE") -> TRUE | AD80: Bulgaria
B81: Angola | C81: 0-2000g | D81: La Poste | K81: Burkina Faso | M81: 0-5000g | N81: La Poste | T81: ZZZZ | U81: ZZZZ | V81: ZZZZ | W81: ZZZZ | Y81: Angola | AB81: =IF(Y81=B81,"TRUE","FALSE") -> TRUE | AD81: Burkina Faso
B82: Anguilla | C82: 0-5000g | D82: La Poste | K82: Burundi | M82: 0-5000g | N82: La Poste | T82: ZZZZ | U82: ZZZZ | V82: ZZZZ | W82: ZZZZ | Y82: Anguilla | AB82: =IF(Y82=B82,"TRUE","FALSE") -> TRUE | AD82: Burundi
B83: Antigua And Barbuda | C83: 0-5000g | D83: La Poste | K83: Canary Islands | M83: 0-2000g | N83: La Poste | T83: ZZZZ | U83: ZZZZ | V83: ZZZZ | W83: ZZZZ | Y83: Antarctica | AB83: =IF(Y83=#REF!,"TRUE","FALSE") -> #REF! | AD83: Cambodia
B84: Argentina | C84: 0-5000g | D84: La Poste | K84: Cambodia | M84: 0-5000g | N84: La Poste | T84: ZZZZ | U84: ZZZZ | V84: ZZZZ | W84: ZZZZ | Y84: Antigua And Barbuda | AB84: =IF(Y84=B83,"TRUE","FALSE") -> TRUE | AD84: Cameroon
B85: Armenia | C85: 0-5000g | D85: La Poste | K85: Cameroon | M85: 0-5000g | N85: La Poste | T85: ZZZZ | U85: ZZZZ | V85: ZZZZ | W85: ZZZZ | Y85: Argentina | AB85: =IF(Y85=B84,"TRUE","FALSE") -> TRUE | AD85: Cape Verde
B86: Aruba | C86: 0-5000g | D86: La Poste | K86: Cape Verde | M86: 0-5000g | N86: La Poste | T86: ZZZZ | U86: ZZZZ | V86: ZZZZ | W86: ZZZZ | Y86: Armenia | AB86: =IF(Y86=B85,"TRUE","FALSE") -> TRUE | AD86: Cayman Islands
B87: Azerbaijan | C87: 0-5000g | D87: La Poste | K87: Cayman Islands | M87: 0-5000g | N87: La Poste | T87: ZZZZ | U87: ZZZZ | V87: ZZZZ | W87: ZZZZ | Y87: Aruba | AB87: =IF(Y87=B86,"TRUE","FALSE") -> TRUE | AD87: Central African Rep
B88: Bahamas | C88: 0-5000g | D88: La Poste | K88: Central African Republic | M88: 0-5000g | N88: La Poste | T88: ZZZZ | U88: ZZZZ | V88: ZZZZ | W88: ZZZZ | Y88: Azerbaijan | AB88: =IF(Y88=B87,"TRUE","FALSE") -> TRUE | AD88: Chad
B89: Bahrain | C89: 0-5000g | D89: La Poste | K89: Chad | M89: 0-5000g | N89: La Poste | T89: ZZZZ | U89: ZZZZ | V89: ZZZZ | W89: ZZZZ | Y89: Bahamas | AB89: =IF(Y89=B88,"TRUE","FALSE") -> TRUE | AD89: Chile
B90: Bangladesh | C90: 0-5000g | D90: La Poste | K90: Chile | M90: 0-5000g | N90: La Poste | T90: ZZZZ | U90: ZZZZ | V90: ZZZZ | W90: ZZZZ | Y90: Bahrain | AB90: =IF(Y90=B89,"TRUE","FALSE") -> TRUE | AD90: Christmas Island
B91: Barbados | C91: 0-5000g | D91: La Poste | K91: Christmas Island | M91: 0-2000g | N91: La Poste | T91: ZZZZ | U91: ZZZZ | V91: ZZZZ | W91: ZZZZ | Y91: Bangladesh | AB91: =IF(Y91=B90,"TRUE","FALSE") -> TRUE | AD91: Cocos (Keeling) Islands
B92: Belarus | C92: 0-5000g | D92: La Poste | K92: Cocos (Keeling) Islands | M92: 0-2000g | N92: La Poste | T92: ZZZZ | U92: ZZZZ | V92: ZZZZ | W92: ZZZZ | Y92: Barbados | AB92: =IF(Y92=B91,"TRUE","FALSE") -> TRUE | AD92: Colombia
B93: Belize | C93: 0-5000g | D93: La Poste | K93: Colombia | M93: 0-5000g | N93: La Poste | T93: ZZZZ | U93: ZZZZ | V93: ZZZZ | W93: ZZZZ | Y93: Belarus | AB93: =IF(Y93=B92,"TRUE","FALSE") -> TRUE | AD93: Comoros
B94: Benin | C94: 0-5000g | D94: La Poste | K94: Comoros | M94: 0-5000g | N94: La Poste | T94: ZZZZ | U94: ZZZZ | V94: ZZZZ | W94: ZZZZ | Y94: Belize | AB94: =IF(Y94=B93,"TRUE","FALSE") -> TRUE | AD94: Congo
B95: Bermuda | C95: 0-5000g | D95: La Poste | K95: Congo | M95: 0-5000g | N95: La Poste | T95: ZZZZ | U95: ZZZZ | V95: ZZZZ | W95: ZZZZ | Y95: Benin | AB95: =IF(Y95=B94,"TRUE","FALSE") -> TRUE | AD95: Congo Dem
... B98: Bosnia and Herzegovina | C98: 0-5000g | D98: La Poste | K98: Côte d'Ivoire | M98: 0-5000g | N98: La Poste | T98: ZZZZ | U98: ZZZZ | V98: ZZZZ | W98: ZZZZ | Y98: Bolivia | AB98: =IF(Y98=B97,"TRUE","FALSE") -> FALSE | AD98: Cote D'Ivoire
K99: Cyprus | M99: 0-2000g | N99: La Poste | T99: ZZZZ | U99: ZZZZ | V99: ZZZZ | W99: =INDEX('Country Code LU'!$B$2:$B$250,MATCH('Priority Manifest'!$K99,'Country Code LU'!$A$2:$A$250,0)) -> CY | Y99: Bosnia & Herzegovina | AB99: =IF(Y99=B98,"TRUE","FALSE") -> FALSE | AD99: Cyprus
B102: Asendia UK Business Mail
B103: =B4 -> Valid from 1st January 2025
B105: Customer Name | D105: =IF($D$6=0,"",$D$6) -> Citipost Limited | G105: Authorisation # | I105: =IF($D$7=0,"",$D$7) | L105: Shipment Date | N105: =IF($N$6=0,"",$N$6)
G107: 1 | Q107: 2
C108: NON-PRIORITY | M108: NON-PRIORITY
C109: Weight Band | D109: Route | E109: Total Items | F109: Total Weight | M109: Weight Band | N109: Route | O109: Total Items | P109: Total Weight
B110: Djibouti | C110: 0-5000g | D110: La Poste | K110: Kyrgyzstan | M110: 0-5000g | N110: La Poste
B111: Democratic Republic of Congo | C111: 0-5000g | D111: La Poste | K111: Lao People's Democratic Republic | M111: 0-5000g | N111: La Poste | T111: =IF(D110="#N/A","ZZZZ",D110) -> La Poste | U111: ZZZZ | V111: ZZZZ | W111: ZZZZ | Y111: Djibouti | AD111: Kyrgyzstan
B112: Dominica | C112: 0-5000g | D112: La Poste | K112: Lebanon | M112: 0-5000g | N112: La Poste | T112: ZZZZ | U112: ZZZZ | V112: ZZZZ | W112: ZZZZ | Y112: Dominica | AD112: Laos
B113: Dominican Republic | C113: 0-5000g | D113: La Poste | K113: Lesotho | M113: 0-5000g | N113: La Poste | T113: ZZZZ | U113: ZZZZ | V113: ZZZZ | W113: =INDEX('Country Code LU'!$B$2:$B$250,MATCH('Priority Manifest'!$K112,'Country Code LU'!$A$2:$A$250,0)) -> LB | Y113: Dominican Republic | AD113: Lebanon
B114: Ecuador | C114: 0-5000g | D114: La Poste | K114: Liberia | M114: 0-5000g | N114: La Poste | T114: ZZZZ | U114: ZZZZ | V114: ZZZZ | W114: ZZZZ | Y114: East Timor | AD114: Lesotho
B115: Egypt | C115: 0-5000g | D115: La Poste | K115: Libya | M115: 0-5000g | N115: La Poste | T115: ZZZZ | U115: ZZZZ | V115: ZZZZ | W115: ZZZZ | Y115: Ecuador | AD115: Liberia
B116: El Salvador | C116: 0-5000g | D116: La Poste | K116: Liechtenstein | M116: 0-5000g | N116: Swiss Post | T116: ZZZZ | U116: ZZZZ | V116: ZZZZ | W116: ZZZZ | Y116: Egypt | AD116: Libya
B117: Equatorial Guinea | C117: 0-5000g | D117: La Poste | K117: Macao | M117: 0-5000g | N117: La Poste | T117: ZZZZ | U117: ZZZZ | V117: ZZZZ | W117: ZZZZ | Y117: El Salvador | AD117: Liechtenstein
B118: Eritrea | C118: 0-5000g | D118: La Poste | K118: Madagascar | M118: 0-5000g | N118: La Poste | T118: ZZZZ | U118: ZZZZ | V118: ZZZZ | W118: ZZZZ | Y118: Equatorial Guinea | AD118: Macao
B119: Ethiopia | C119: 0-5000g | D119: La Poste | K119: Malawi | M119: 0-5000g | N119: La Poste | T119: ZZZZ | U119: ZZZZ | V119: ZZZZ | W119: ZZZZ | Y119: Eritrea | AD119: Macedonia
B120: Eswatini | C120: 0-5000g | D120: La Poste | K120: Malaysia | M120: 0-2000g | N120: La Poste | T120: ZZZZ | U120: ZZZZ | V120: ZZZZ | W120: ZZZZ | Y120: Ethiopia | AD120: Madagascar
B121: Falkland Islands (Malvinas) | C121: 0-2000g | D121: La Poste | K121: Maldives | M121: 0-5000g | N121: La Poste | T121: ZZZZ | U121: ZZZZ | V121: ZZZZ | W121: =INDEX('Country Code LU'!$B$2:$B$250,MATCH('Priority Manifest'!$K119,'Country Code LU'!$A$2:$A$250,0)) -> MW | Y121: Falkland Islands | AD121: Malawi
B122: Faroe Islands | C122: 0-2000g | D122: La Poste | K122: Mali | M122: 0-5000g | N122: La Poste | T122: ZZZZ | U122: ZZZZ | V122: ZZZZ | W122: =INDEX('Country Code LU'!$B$2:$B$250,MATCH('Priority Manifest'!$K120,'Country Code LU'!$A$2:$A$250,0)) -> MY | Y122: Faroe Islands | AD122: Malaysia
B123: Fiji | C123: 0-5000g | D123: La Poste | K123: Martinique | M123: 0-5000g | N123: La Poste | T123: ZZZZ | U123: ZZZZ | V123: ZZZZ | W123: ZZZZ | Y123: Fiji | AD123: Maldives
B124: French Guiana | C124: 0-5000g | D124: La Poste | K124: Mauritania | M124: 0-5000g | N124: La Poste | T124: ZZZZ | U124: ZZZZ | V124: ZZZZ | W124: ZZZZ | Y124: French Guiana | AD124: Mali
B125: French Southern Territories | C125: 0-2000g | D125: La Poste | K125: Mauritius | M125: 0-5000g | N125: La Poste | T125: ZZZZ | U125: ZZZZ | V125: ZZZZ | W125: =INDEX('Country Code LU'!$B$2:$B$250,MATCH('Priority Manifest'!#REF!,'Country Code LU'!$A$2:$A$250,0)) -> #REF! | Y125: French Polynesia | AD125: Malta
B126: Gabon | C126: 0-5000g | D126: La Poste | K126: Mayotte | M126: 0-2000g | N126: La Poste | T126: ZZZZ | U126: ZZZZ | V126: ZZZZ | W126: ZZZZ | Y126: French Southern Terr | AD126: Marshall Islands
B127: Gambia | C127: 0-5000g | D127: La Poste | K127: Mexico | M127: 0-5000g | N127: La Poste | T127: ZZZZ | U127: ZZZZ | V127: ZZZZ | W127: ZZZZ | Y127: Gabon | AD127: Martinique
B128: Georgia | C128: 0-5000g | D128: La Poste | K128: Micronesia, Federated States of | M128: 0-2000g | N128: La Poste | T128: ZZZZ | U128: ZZZZ | V128: ZZZZ | W128: ZZZZ | Y128: Gambia | AD128: Mauritania
B129: Ghana | C129: 0-5000g | D129: La Poste | K129: Moldova, Republic of | M129: 0-5000g | N129: La Poste | T129: ZZZZ | U129: ZZZZ | V129: ZZZZ | W129: ZZZZ | Y129: Georgia | AD129: Mauritius
B130: Gibraltar | C130: 0-5000g | D130: Swiss Post | K130: Monaco | M130: 0-5000g | N130: La Poste | T130: ZZZZ | U130: ZZZZ | V130: ZZZZ | W130: ZZZZ | Y130: Ghana | AD130: Mayotte
B131: Greenland | C131: 0-2000g | D131: La Poste | K131: Mongolia | M131: 0-5000g | N131: La Poste | T131: ZZZZ | U131: ZZZZ | V131: ZZZZ | W131: ZZZZ | Y131: Gibraltar | AD131: Mexico
B132: Grenada | C132: 0-5000g | D132: La Poste | K132: Montenegro | M132: 0-5000g | N132: La Poste | T132: ZZZZ | U132: ZZZZ | V132: ZZZZ | W132: ZZZZ | Y132: Greenland | AD132: Micronesia
...

Sheet M-Bag Priority Manifest
B1: Priority
G2: Preparation Level (Please enter X) | K2: Franking Level (Please enter X)
B3: Asendia UK Business Mail | G3: Fully Prepared | H3: x | I3: Part Prepared | K3: Full PPI | M3: Part PPI
B4: ='Priority Manifest'!B4 -> Valid from 1st January 2025 | G4: Note: Surcharges will apply for any Part Prepared/Part Franked volumes received
B6: Customer Name | G6: Customer Ref | L6: Shipment Date
B7: Authorisation # | G7: Quotation # | L7: Number of bags
C9: Under 5kg | D9: Under 5kg | F9: Under 5kg | G9: Over 5kg | H9: Over 5kg | J9: Over 5kg
C10: PRIORITY | G10: PRIORITY
C11: 2-5 KG | G11: 5-25 KG
C12: Route | D12: Total Items | E12: Total Weight | G12: Route | H12: Total Items | I12: Total Weight | Y12: Master Country List
A13: IT | B13: Italy | C13: Swiss Post | G13: Swiss Post | T13: IT | U13: IT | Y13: Italy | AB13: =IF(Y13=B13,"TRUE","FALSE") -> TRUE
A14: LV | B14: Latvia | C14: Swiss Post | G14: Swiss Post | T14: LV | U14: LV | Y14: Latvia | AB14: =IF(Y14=B14,"TRUE","FALSE") -> TRUE
A15: PT | B15: Portugal | C15: Swiss Post | G15: Swiss Post | T15: PT | U15: PT | Y15: Portugal | AB15: =IF(Y15=B15,"TRUE","FALSE") -> TRUE
A16: RO | B16: Romania | C16: Swiss Post | G16: Swiss Post | T16: RO | U16: RO | Y16: Romania | AB16: =IF(Y16=B16,"TRUE","FALSE") -> TRUE
A17: SK | B17: Slovakia | C17: Swiss Post | G17: Swiss Post | T17: SK | U17: SK | Y17: Slovakia | AB17: =IF(Y17=B17,"TRUE","FALSE") -> TRUE
A18: CH | B18: Switzerland | C18: Swiss Post | G18: Swiss Post | T18: CH | U18: CH | Y18: Switzerland | AB18: =IF(Y18=B18,"TRUE","FALSE") -> TRUE
B21: UK | C21: Royal Mail | G21: Royal Mail | Y21: UK | AB21: =IF(Y21=B21,"TRUE","FALSE") -> TRUE
B24: Work Required | C24: Sortation | D24: Franking | E24: Other (state) | M24: EUROPE + ROW | O24: Item # | P24: Weight
B25: Office Check | M25: TOTAL | O25: =SUM(D13:D21,H13:H21,D37:D40,H37:H40,D41:D43,H41:H43,D44:D46,H44:H46,D47:D50,H47:H50,D51:D54,H51:H54) -> 0 | P25: =SUM(E13:E21,I13:I21,E37:E40,I37:I40,E41:E43,I41:I43,E44:E46,I44:I46,E47:E50,I47:I50,E51:E54,I51:I54) -> 0
B29: Asendia UK Business Mail
B30: =$B$4 -> Valid from 1st January 2025
B32: Customer Name | D32: =IF($D$6=0,"",$D$6) | G32: Authorisation # | I32: =IF($D$7=0,"",$D$7) | L32: Shipment Date | N32: =IF($N$6=0,"",$N$6)
F33: Under 5kg | J33: Over 5kg
C34: PRIORITY | G34: PRIORITY
C35: 2-5 KG | G35: 5-25 KG
C36: Route | D36: Total Items | E36: Total Weight | G36: Route | H36: Total Items | I36: Total Weight
B37: Azerbaijan | C37: Swiss Post | G37: Swiss Post | T37: AZ | U37: ZZZZ | Y37: Azerbaijan | AB37: =IF(Y37=B37,"TRUE","FALSE") -> TRUE
B38: Bosnia & Herzegovina | C38: Swiss Post | G38: Swiss Post | T38: BR | U38: ZZZZ | Y38: Bosnia & Herzegovina | AB38: =IF(Y38=B38,"TRUE","FALSE") -> TRUE
B39: Cambodia | C39: Swiss Post | G39: Swiss Post | T39: KY | U39: ZZZZ | Y39: Cambodia | AB39: =IF(Y39=B39,"TRUE","FALSE") -> TRUE
B40: China | C40: Swiss Post | G40: Swiss Post | T40: KM | U40: =INDEX('Country Code LU'!$B$2:$B$250,MATCH($B40,'Country Code LU'!$A$2:$A$250,0)) -> CN | Y40: China | AB40: =IF(Y40=B40,"TRUE","FALSE") -> TRUE
B41: Costa Rica | C41: Swiss Post | G41: Swiss Post | T41: CR | U41: ZZZZ | Y41: Costa Rica | AB41: =IF(Y41=B41,"TRUE","FALSE") -> TRUE
B42: Egypt | C42: Swiss Post | G42: Swiss Post | T42: EG | U42: ZZZZ | Y42: Egypt | AB42: =IF(Y42=B42,"TRUE","FALSE") -> TRUE
B43: Ethiopia | C43: Swiss Post | G43: Swiss Post | T43: ET | U43: ZZZZ | Y43: Ethiopia | AB43: =IF(Y43=B43,"TRUE","FALSE") -> TRUE
B44: Israel | C44: Swiss Post | G44: Swiss Post | T44: JM | U44: =INDEX('Country Code LU'!$B$2:$B$250,MATCH($B44,'Country Code LU'!$A$2:$A$250,0)) -> IL | Y44: Israel | AB44: =IF(Y44=B44,"TRUE","FALSE") -> TRUE
B45: Kazakhstan | C45: Swiss Post | G45: Swiss Post | T45: KI | U45: ZZZZ | Y45: Kazakhstan | AB45: =IF(Y45=B45,"TRUE","FALSE") -> TRUE
B46: Macao | C46: Swiss Post | G46: Swiss Post | T46: MY | U46: ZZZZ | Y46: Macao | AB46: =IF(Y46=B46,"TRUE","FALSE") -> TRUE
B47: New Zealand | C47: Swiss Post | G47: Swiss Post | U47: =INDEX('Country Code LU'!$B$2:$B$250,MATCH($B47,'Country Code LU'!$A$2:$A$250,0)) -> NZ | Y47: New Zealand | AB47: =IF(Y47=B47,"TRUE","FALSE") -> TRUE
B48: Panama | C48: Swiss Post | G48: Swiss Post | T48: PW | U48: ZZZZ | Y48: Panama | AB48: =IF(Y48=B48,"TRUE","FALSE") -> TRUE
B49: Serbia | C49: Swiss Post | G49: Swiss Post | T49: SN | U49: ZZZZ | Y49: Serbia | AB49: =IF(Y49=B49,"TRUE","FALSE") -> TRUE
B50: Singapore | C50: Swiss Post | G50: Swiss Post | T50: SL | U50: =INDEX('Country Code LU'!$B$2:$B$250,MATCH($B50,'Country Code LU'!$A$2:$A$250,0)) -> SG | Y50: Singapore | AB50: =IF(Y50=B50,"TRUE","FALSE") -> TRUE
B51: Taiwan | C51: Swiss Post | G51: Swiss Post | U51: ZZZZ | Y51: Taiwan | AB51: =IF(Y51=B51,"TRUE","FALSE") -> TRUE
B52: Thailand | C52: Swiss Post | G52: Swiss Post | U52: =INDEX('Country Code LU'!$B$2:$B$250,MATCH($B52,'Country Code LU'!$A$2:$A$250,0)) -> TH | Y52: Thailand | AB52: =IF(Y52=B52,"TRUE","FALSE") -> TRUE
B53: Turkey | C53: Swiss Post | G53: Swiss Post | T53: TW | U53: =INDEX('Country Code LU'!$B$2:$B$250,MATCH($B53,'Country Code LU'!$A$2:$A$250,0)) -> TR | Y53: Turkey | AB53: =IF(Y53=B53,"TRUE","FALSE") -> TRUE
B54: Uzbekistan | C54: Swiss Post | G54: Swiss Post | T54: TR | U54: ZZZZ | Y54: Uzbekistan | AB54: =IF(Y54=B54,"TRUE","FALSE") -> TRUE

Sheet M-Bag Non-Priority Manifest
B1: Non-Priority
G2: Preparation Level (Please enter X) | K2: Franking Level (Please enter X)
B3: Asendia UK Business Mail | G3: Fully Prepared | H3: x | I3: Part Prepared | K3: Full PPI | M3: Part PPI
B4: ='Priority Manifest'!B4 -> Valid from 1st January 2025 | G4: Note: Surcharges will apply for any Part Prepared/Part Franked volumes received
B6: Customer Name | G6: Customer Ref | L6: Shipment Date
B7: Authorisation # | G7: Quotation # | L7: Number of bags
C9: Under 5kg | D9: Under 5kg | F9: Under 5kg | G9: Over 5kg | H9: Over 5kg | J9: Over 5kg
C10: NON-PRIORITY | G10: NON-PRIORITY
C11: 2-5 KG | G11: 5-25 KG
C12: Route | D12: Total Items | E12: Total Weight | G12: Route | H12: Total Items | I12: Total Weight | Y12: Master Country List
A13: IT | B13: Italy | C13: Swiss Post | G13: Swiss Post | T13: IT | U13: IT | Y13: Italy | AB13: =IF(Y13=B13,"TRUE","FALSE") -> TRUE
A14: LV | B14: Latvia | C14: Swiss Post | G14: Swiss Post | T14: LV | U14: LV | Y14: Latvia | AB14: =IF(Y14=B14,"TRUE","FALSE") -> TRUE
A15: PT | B15: Portugal | C15: Swiss Post | G15: Swiss Post | T15: PT | U15: PT | Y15: Portugal | AB15: =IF(Y15=B15,"TRUE","FALSE") -> TRUE
A16: RO | B16: Romania | C16: Swiss Post | G16: Swiss Post | T16: RO | U16: RO | Y16: Romania | AB16: =IF(Y16=B16,"TRUE","FALSE") -> TRUE
A17: SK | B17: Slovakia | C17: Swiss Post | G17: Swiss Post | T17: SK | U17: SK | Y17: Slovakia | AB17: =IF(Y17=B17,"TRUE","FALSE") -> TRUE
A18: CH | B18: Switzerland | C18: Swiss Post | G18: Swiss Post | T18: CH | U18: CH | Y18: Switzerland | AB18: =IF(Y18=B18,"TRUE","FALSE") -> TRUE
B21: UK | C21: Royal Mail | G21: Royal Mail | Y21: UK | AB21: =IF(Y21=B21,"TRUE","FALSE") -> TRUE
B24: Work Required | C24: Sortation | D24: Franking | E24: Other (state) | M24: EUROPE + ROW | O24: Item # | P24: Weight
B25: Office Check | M25: TOTAL | O25: =SUM(D13:D21,H13:H21,D37:D40,H37:H40,D41:D43,H41:H43,D44:D46,H44:H46,D47:D50,H47:H50,D51:D54,H51:H54) -> 0 | P25: =SUM(E13:E21,I13:I21,E37:E40,I37:I40,E41:E43,I41:I43,E44:E46,I44:I46,E47:E50,I47:I50,E51:E54,I51:I54) -> 0
B29: Asendia UK Business Mail
B30: =$B$4 -> Valid from 1st January 2025
B32: Customer Name | D32: =IF($D$6=0,"",$D$6) | G32: Authorisation # | I32: =IF($D$7=0,"",$D$7) | L32: Shipment Date | N32: =IF($N$6=0,"",$N$6)
F33: Under 5kg | J33: Over 5kg
C34: NON-PRIORITY | G34: NON-PRIORITY
C35: 2-5 KG | G35: 5-25 KG
C36: Route | D36: Total Items | E36: Total Weight | G36: Route | H36: Total Items | I36: Total Weight
B37: Azerbaijan | C37: Swiss Post | G37: Swiss Post | T37: AZ | U37: ZZZZ | Y37: Azerbaijan | AB37: =IF(Y37=B37,"TRUE","FALSE") -> TRUE
B38: Bosnia & Herzegovina | C38: Swiss Post | G38: Swiss Post | T38: BR | U38: ZZZZ | Y38: Bosnia & Herzegovina | AB38: =IF(Y38=B38,"TRUE","FALSE") -> TRUE
B39: Cambodia | C39: Swiss Post | G39: Swiss Post | T39: KY | U39: ZZZZ | Y39: Cambodia | AB39: =IF(Y39=B39,"TRUE","FALSE") -> TRUE
B40: China | C40: Swiss Post | G40: Swiss Post | T40: KM | U40: =INDEX('Country Code LU'!$B$2:$B$250,MATCH($B40,'Country Code LU'!$A$2:$A$250,0)) -> CN | Y40: China | AB40: =IF(Y40=B40,"TRUE","FALSE") -> TRUE
B41: Costa Rica | C41: Swiss Post | G41: Swiss Post | T41: CR | U41: ZZZZ | Y41: Costa Rica | AB41: =IF(Y41=B41,"TRUE","FALSE") -> TRUE
B42: Egypt | C42: Swiss Post | G42: Swiss Post | T42: EG | U42: ZZZZ | Y42: Egypt | AB42: =IF(Y42=B42,"TRUE","FALSE") -> TRUE
B43: Ethiopia | C43: Swiss Post | G43: Swiss Post | T43: ET | U43: ZZZZ | Y43: Ethiopia | AB43: =IF(Y43=B43,"TRUE","FALSE") -> TRUE
B44: Israel | C44: Swiss Post | G44: Swiss Post | T44: JM | U44: =INDEX('Country Code LU'!$B$2:$B$250,MATCH($B44,'Country Code LU'!$A$2:$A$250,0)) -> IL | Y44: Israel | AB44: =IF(Y44=B44,"TRUE","FALSE") -> TRUE
B45: Kazakhstan | C45: Swiss Post | G45: Swiss Post | T45: KI | U45: ZZZZ | Y45: Kazakhstan | AB45: =IF(Y45=B45,"TRUE","FALSE") -> TRUE
B46: Macao | C46: Swiss Post | G46: Swiss Post | T46: MY | U46: ZZZZ | Y46: Macao | AB46: =IF(Y46=B46,"TRUE","FALSE") -> TRUE
B47: New Zealand | C47: Swiss Post | G47: Swiss Post | U47: =INDEX('Country Code LU'!$B$2:$B$250,MATCH($B47,'Country Code LU'!$A$2:$A$250,0)) -> NZ | Y47: New Zealand | AB47: =IF(Y47=B47,"TRUE","FALSE") -> TRUE
B48: Panama | C48: Swiss Post | G48: Swiss Post | T48: PW | U48: ZZZZ | Y48: Panama | AB48: =IF(Y48=B48,"TRUE","FALSE") -> TRUE
B49: Serbia | C49: Swiss Post | G49: Swiss Post | T49: SN | U49: ZZZZ | Y49: Serbia | AB49: =IF(Y49=B49,"TRUE","FALSE") -> TRUE
B50: Singapore | C50: Swiss Post | G50: Swiss Post | T50: SL | U50: =INDEX('Country Code LU'!$B$2:$B$250,MATCH($B50,'Country Code LU'!$A$2:$A$250,0)) -> SG | Y50: Singapore | AB50: =IF(Y50=B50,"TRUE","FALSE") -> TRUE
B51: Taiwan | C51: Swiss Post | G51: Swiss Post | U51: ZZZZ | Y51: Taiwan | AB51: =IF(Y51=B51,"TRUE","FALSE") -> TRUE
B52: Thailand | C52: Swiss Post | G52: Swiss Post | U52: =INDEX('Country Code LU'!$B$2:$B$250,MATCH($B52,'Country Code LU'!$A$2:$A$250,0)) -> TH | Y52: Thailand | AB52: =IF(Y52=B52,"TRUE","FALSE") -> TRUE
B53: Turkey | C53: Swiss Post | G53: Swiss Post | T53: TW | U53: =INDEX('Country Code LU'!$B$2:$B$250,MATCH($B53,'Country Code LU'!$A$2:$A$250,0)) -> TR | Y53: Turkey | AB53: =IF(Y53=B53,"TRUE","FALSE") -> TRUE
B54: Uzbekistan | C54: Swiss Post | G54: Swiss Post | T54: TR | U54: ZZZZ | Y54: Uzbekistan | AB54: =IF(Y54=B54,"TRUE","FALSE") -> TRUE

Sheet Country Code LU
A1: Country | B1: Alpha-2 code | C1: Alpha-3 code | D1: Numeric
A2: Afghanistan | B2: AF | C2: AFG | D2: 4
A3: Albania | B3: AL | C3: ALB | D3: 8
A4: Algeria | B4: DZ | C4: DZA | D4: 12
A5: American Samoa | B5: AS | C5: ASM | D5: 16
A6: Andorra | B6: AD | C6: AND | D6: 20
A7: Angola | B7: AO | C7: AGO | D7: 24
A8: Anguilla | B8: AI | C8: AIA | D8: 660
A9: Antarctica | B9: AQ | C9: ATA | D9: 10
A10: Antigua and Barbuda | B10: AG | C10: ATG | D10: 28
A11: Argentina | B11: AR | C11: ARG | D11: 32
A12: Armenia | B12: AM | C12: ARM | D12: 51
A13: Aruba | B13: AW | C13: ABW | D13: 533
... A250: Åland Islands | B250: AX | C250: ALA | D250: 248
